{
  "result": {
    "contract": {
      "0x7b2f9706cd8473b4f5b7758b0171a9933fc6c4d6": 53749,
      "0xc1f5ba8bab3ca299f9817876a6715627f9e2b11a": 3.0690656225999984e+24,
      "0x6a750d255416483bec1a31ca7050c6dac4263b57": 100000000000000000000,
      "0x75b90f32dcb0fefa6b72930bbdbe4d289c678d93": 8e+21,
      "0xbc4976ceaeae6c019f826a1e89a6d9cb1a2970bc": 750000000000,
      "0x4f4a591dfa6bb5ca83f996195654cf7fddd43433": 1.150294484999999e+23,
      "0x5eac95ad5b287cf44e058dcf694419333b796123": 900000000000000000000,
      "0xfa55951f84bfbe2e6f95aa74b58cc7047f9f0644": 80000000000000000000,
      "0xc011a72400e58ecd99ee497cf89e3775d4bd732f": 0,
      "0x7d548aeaad76c798bc1af0c86a45f042f4f2375c": 5.34e+24,
      "0xd4ae0807740df6fbaa7a258907132a2ac8d52fbc": 1.0312009684999999e+26,
      "0x6fb3e0a217407efff7ca062d46c26e5d60a14d69": 2.282549655643224e+25,
      "0xa2310206fd3fff0b66e03407eb03ed1ada4acecc": 14,
      "0x91159390631ed2bfc6967695be85dee3be022ce3": 600000000,
      "0xfe5f141bf94fe84bc28ded0ab966c16b17490657": 140000000000000000000,
      "0xf46f98a8f6032914921ae9cfb5aaab5083bd9376": 2e+21,
      "0xd7e7a876058d8e67efb26ad7b10a4007d90396bc": 5e+25,
      "0x49e033122c8300a6d5091acf667494466ee4a9d2": 3.5299585195e+25,
      "0x1e28439d814486c9d989e55b1993c2f1447957cc": 24,
      "0x49b127bc33ce7e1586ec28cec6a65b112596c822": 736305000000000000000,
      "0x8e4fbe2673e154fe9399166e03e18f87a5754420": 100000000000000000000,
      "0x3495ffcee09012ab7d827abf3e3b3ae428a38443": 32000000000000000000,
      "0xd3ace836e47f7cf4948dffd8ca2937494c52580c": 1.6500000000000003e+22,
      "0xf5839f46ed000d70cbab1fcd03e29e85f3aecd82": 154202004626000000000,
      "0x662352895d4cf40cb0643b59831ac68b9250f4db": 9.9e+23,
      "0x7b606bc8ce7ba370b14bf5b43d1987cbaadc8d6d": 1000000000000000000,
      "0xbeafd856b0732c9a80c00921b826ade4c6aae4ee": 1000000000000000000,
      "0xf5ba8a8c87f976b79b17ccd25ee8dc2f8e82fb59": 15000000000000000000,
      "0x5d4abc77b8405ad177d8ac6682d584ecbfd46cec": 8.099999e+24,
      "0xde6c7366c50663712de30919b2cb9af2dd1a5378": 40000000000000,
      "0x915d38502399f6803673b22ce75379663b9116dd": 35200000000000,
      "0xedbfb6276e5d529f5afc81206fb65f868069dadb": 14500000000000,
      "0x6e8b54e99807e53b271dc02e02cc32f143ca108a": 25000000000000
    },
    "LDC (LEADCOIN)": 3.25,
    "FOXT (Fox Trading)": 6,
    "CSM (Consentium Coin)": 1,
    "TRX (Tronix)": 1068,
    "VLC (Value Chain)": 1559,
    "LCS (LocalCoinSwap Cryptoshare)": 35.55106581615102,
    "SDA (Six Domain Asset)": 330,
    "TKT (TKT)": 294,
    "VME (Verime Mobile)": 30,
    "THM (Themis Token)": 200,
    "INS (INS)": 1310842.7803703719,
    "SNGX (SingularX)": 3010128.235,
    "STORM (Storm)": 50111888,
    "DYN (Dyno)": 1000000000,
    "eosDAC (eosDAC Community Owned EOS Block Producer ERC20 Tokens)": 18.41,
    "DEEZ (DeezNuts)": 2,
    "UGC (UG Coin)": 348,
    "MST (民宿通)": 716,
    "EVC (EventChain)": 105,
    "PLAT (BitGuild PLAT)": 97.7,
    "XAP (Appics)": 1200,
    "NEC (Ethfinex Nectar Token)": 48494505.01859,
    "MANA (Decentraland)": 1200000,
    "PTT (Proton Token)": 864,
    "SGP (SGPay Token)": 2,
    "HCM (Hcmcoin)": 4,
    "TPI (ThaneCoin)": 100,
    "CRE (Cybereits Token)": 30,
    "ZIP (Zipper)": 199,
    "TIP (Tip)": 365,
    "MUC (MusicCoin)": 1,
    "0xBTC (0xBitcoin Token)": 0,
    "SW (Super Wallet Token)": 0.103531,
    "MILE (MILE)": 5000,
    "FTV (Filmtelevision(FTV) Chain)": 7,
    "VSC (vSport Coin)": 8,
    "JAJ (Just A Joke)": 2000,
    "ANT (Aragon)": 36192,
    "TheDAO (TheDAO)": 12163.268068413261,
    "DPY (Delphy Token)": 166666.01,
    "EOS (EOS)": 195873.7288,
    "GNO (Gnosis)": 1434.521564482
  }
}