{
  "result": {
    "SPN (Sapien Network): ": 480.317273,
    "UBT (Unibyte Token): ": 18.32,
    "GLA (Gladius): ": 11.53846154,
    "CMT (CyberMiles): ": 7125.781,
    "SNTR (Silent Notary Token): ": 10000,
    "0xf8e06e4e4a80287fdca5b02dccecaa9d0954840f": 7.215e+21,
    "GES (Galaxy eSolutions): ": 115.170560894583,
    "STF (STFCoin): ": 25
  }
}